[{"_id":"1","biography":"Neka tamo biografija.","dateOfBirth":"2015-11-04T23:00:00.000Z","email":"alek@gmail.com","jmbg":"0000000000000","name":"Aleksandar4","surname":"Atanacković2","companies":"000"},{"_id":"2","email":"rist@gmail.com","jmbg":"1111111111111","name":"Strahinja","surname":"Ristić","companies":"000"},{"_id":"3","email":"boban@gmail.com","jmbg":"2222222222222","name":"Boban","surname":"Bobanić","companies":"000"},{"_id":"4","email":"miki@gmail.com","jmbg":"3333333333333","name":"Miroslav","surname":"Terzić","companies":"000"},{"_id":"5","email":"drag.mik@gmail.com","jmbg":"4444444444444","name":"Dragam","surname":"Mikić","companies":"000"},{"_id":"6","email":"vasa@gmail.com","jmbg":"5555555555555","name":"Vasilije","surname":"Ristić","companies":"000"},{"_id":"7","email":"trifa@gmail.com","jmbg":"6666666666666","name":"Stefan","surname":"Trifković","companies":"000"},{"_id":"8","email":"goks@gmail.com","jmbg":"7777777777777","name":"Goran","surname":"Kondić","companies":"000"},{"_id":"9","email":"milan@gmail.com","jmbg":"8888888888888","name":"Milan","surname":"Mičić","companies":"000"},{"_id":"10","email":"sima@gmail.com","jmbg":"9999999999999","name":"Siniša","surname":"Stević","companies":"000"},{"_id":"11","email":"boki@gmail.com","jmbg":"1212121212121","name":"Boris","surname":"Čubrić","companies":"000"},{"_id":"12","email":"laki@gmail.com","jmbg":"2323232323232","name":"Lazar","surname":"Mulić","companies":"111"},{"_id":"13","email":"drag.sim@gmail.com","jmbg":"3434343434343","name":"Dragan","surname":"Simić","companies":"111"},{"_id":"14","email":"slavica@gmail.com","jmbg":"5656565656565","name":"Slavica","surname":"Tešić","companies":"111"},{"_id":"15","email":"jeca@gmail.com","jmbg":"1251251251251","name":"Jelena","surname":"Mandić","companies":"222"},{"_id":"16","email":"dav.ris@gmail.com","jmbg":"9988554411223","name":"David","surname":"Ristić","companies":"222"},{"_id":"17","email":"vesna@gmail.com","jmbg":"0011559900114","name":"Vesna","surname":"Pantić","companies":"222"},{"_id":18,"jmbg":"1010191837456","name":"Alek","surname":"Rasputin","companies":"333"}]